<?xml version="1.0" encoding="UTF-8"?>

<beans xmlns="http://www.springframework.org/schema/beans"
	xmlns:xsi="http://www.w3.org/2001/XMLSchema-instance" xmlns:context="http://www.springframework.org/schema/context"
	xsi:schemaLocation="http://www.springframework.org/schema/beans
     http://www.springframework.org/schema/beans/spring-beans-4.0.xsd
     http://www.springframework.org/schema/context
     http://www.springframework.org/schema/context/spring-context-4.0.xsd">
     <!-- While creating a bean an object is created automatically
     As new object is created default constructor is called -->
     
     
  <bean id="emp" class="com.cg.springdemo2.dto.Employee">
  
  
  <!--<constructor-arg index="0" value="1001"></constructor-arg>  -->
 <!-- <constructor-arg name="empId" value="1001"></constructor-arg> --> 
<!-- <constructor-arg type="int" value="1002"></constructor-arg> --> 
 <!-- <constructor-arg type="String" value="Aman Shrivastava"></constructor-arg> --> 
  <!--<constructor-arg index="1" value="Aman Shrivastava"></constructor-arg>    -->
   <!-- <constructor-arg name="empName" value="Aman Shrivastava"></constructor-arg>  -->
   
   
   
   
   
     <property name="empId" value="1001"></property>
<property name="empName" value="Aman Shrivastava"></property>
 
 
 <!-- <property name="proOne" ref="one"></property>
   <property name="proTwo" ref="two"></property>  -->  
   
   
   
   <property name="pro">
   <list>
   <ref bean="one"/>
   <ref bean="two"/>
   </list>
   
   </property> 
   </bean>
     
   <bean id="one" class="com.cg.springdemo2.dto.Project">
   <property name="projectId" value="1001"></property>
   <property name="projectName" value="Web Services"></property>
   </bean> 
   <bean id="two" class="com.cg.springdemo2.dto.Project">
   <property name="projectId" value="1002"></property>
   <property name="projectName" value="Cloud Services"></property>
   </bean>
     </beans>