<?xml version="1.0" encoding="UTF-8"?>
<beans xmlns="http://www.springframework.org/schema/beans"
	xmlns:xsi="http://www.w3.org/2001/XMLSchema-instance" xmlns:context="http://www.springframework.org/schema/context"
	xsi:schemaLocation="http://www.springframework.org/schema/beans
     http://www.springframework.org/schema/beans/spring-beans-4.0.xsd
     http://www.springframework.org/schema/context
     http://www.springframework.org/schema/context/spring-context-4.0.xsd">
<bean id="triangle" class="com.cg.springdemo.dto.Triangle"></bean>
<bean id="circle" class="com.cg.springdemo.dto.Circle"></bean>
<bean id="emp" class="com.cg.springdemo.dto.Employee" init-method="getData">
<property name="empId" value="1001"></property>
<property name="empName" value="Aman Shrivastava"></property>

</bean>

</beans>